{
  "QBXML": {
    "QBXMLMsgsRs": {
      "InvoiceQueryRs": {
        "InvoiceRet": [
          {
            "CurrencyRef": {
              "ListID": "80000093-1656494081",
              "FullName": "Ugandan Shilling"
            },
            "ExchangeRate": 1,
            "ItemSalesTaxRef": {
              "ListID": "80000002-1656507015",
              "FullName": "sales_tax"
            },
            "InvoiceLineRet": {
              "Desc": "Consultant Services to companies",
              "SalesTaxCodeRef": {
                "ListID": "80000002-1656494070",
                "FullName": "Non"
              },
              "TxnLineID": "49-1657100277",
              "UnitOfMeasure": 118,
              "OverrideUOMSetRef": {
                "ListID": "80000001-1656494629",
                "FullName": "By the 118"
              },
              "Rate": 150,
              "Amount": 150,
              "Quantity": 1,
              "ItemRef": {
                "ListID": "80000001-1656494683",
                "FullName": "Consultancy Services"
              }
            },
            "IsFinanceCharge": false,
            "IsToBeEmailed": true,
            "BillAddress": {
              "Addr1": "Ogmous E and S Limited"
            },
            "TimeCreated": "2022-07-06T12:37:57+03:00",
            "TimeModified": "2022-07-06T12:37:57+03:00",
            "SalesTaxTotal": 0,
            "CustomerSalesTaxCodeRef": {
              "ListID": "80000001-1656494070",
              "FullName": "Tax"
            },
            "IsToBePrinted": true,
            "DueDate": "2022-06-29",
            "IsPending": false,
            "TxnNumber": 19,
            "SalesTaxPercentage": 12,
            "BillAddressBlock": {
              "Addr1": "Ogmous E and S Limited"
            },
            "BalanceRemaining": 150,
            "TxnDate": "2022-06-29",
            "RefNumber": 19,
            "EditSequence": 1657100277,
            "Subtotal": 150,
            "AppliedAmount": 0,
            "ShipDate": "2022-06-29",
            "BalanceRemainingInHomeCurrency": 150,
            "TxnID": "47-1657100277",
            "IsPaid": false,
            "ARAccountRef": {
              "ListID": "80000024-1656494700",
              "FullName": "Accounts Receivable"
            },
            "CustomerRef": {
              "ListID": "80000001-1656494511",
              "FullName": "Ogmous E and S Limited"
            },
            "TemplateRef": {
              "ListID": "8000000B-1656495225",
              "FullName": "Copy 2 : Intuit Service Invoice"
            }
          },
          {
            "CurrencyRef": {
              "ListID": "80000093-1656494081",
              "FullName": "Ugandan Shilling"
            },
            "ExchangeRate": 1,
            "ItemSalesTaxRef": {
              "ListID": "80000002-1656507015",
              "FullName": "sales_tax"
            },
            "InvoiceLineRet": [
              {
                "TxnLineID": "53-1657100907"
              },
              {
                "Other2": "45451005417787777514",
                "Desc": "Consultant Services to companies\n QrCode: 0200000011676C3220233985540000000CE40000000000FFFFFFFFFFFFA10041074750~THE ELMA PHILANTHROPIES SERVICES EAST AFRICA LTD~Ogmous E and S Limited~Consultancy Services",
                "SalesTaxCodeRef": {
                  "ListID": "80000001-1656494070",
                  "FullName": "Tax"
                },
                "TxnLineID": "51-1657100907",
                "Other1": 322023398554,
                "UnitOfMeasure": 118,
                "OverrideUOMSetRef": {
                  "ListID": "80000001-1656494629",
                  "FullName": "By the 118"
                },
                "Rate": 33,
                "Amount": 33,
                "Quantity": 1,
                "ItemRef": {
                  "ListID": "80000001-1656494683",
                  "FullName": "Consultancy Services"
                }
              }
            ],
            "IsFinanceCharge": false,
            "IsToBeEmailed": true,
            "BillAddress": {
              "Addr1": "Ogmous E and S Limited"
            },
            "TimeCreated": "2022-07-06T12:48:27+03:00",
            "TimeModified": "2022-07-06T14:44:45+03:00",
            "SalesTaxTotal": 3.96,
            "CustomerSalesTaxCodeRef": {
              "ListID": "80000001-1656494070",
              "FullName": "Tax"
            },
            "IsToBePrinted": true,
            "DueDate": "2022-06-29",
            "IsPending": false,
            "TxnNumber": 21,
            "SalesTaxPercentage": 12,
            "BillAddressBlock": {
              "Addr1": "Ogmous E and S Limited"
            },
            "BalanceRemaining": 36.96,
            "TxnDate": "2022-06-29",
            "RefNumber": 21,
            "EditSequence": 1657107885,
            "Subtotal": 33,
            "AppliedAmount": 0,
            "ShipDate": "2022-06-29",
            "BalanceRemainingInHomeCurrency": 36.96,
            "TxnID": "4F-1657100907",
            "IsPaid": false,
            "ARAccountRef": {
              "ListID": "80000024-1656494700",
              "FullName": "Accounts Receivable"
            },
            "CustomerRef": {
              "ListID": "80000001-1656494511",
              "FullName": "Ogmous E and S Limited"
            },
            "TemplateRef": {
              "ListID": "8000000B-1656495225",
              "FullName": "Copy 2 : Intuit Service Invoice"
            }
          },
          {
            "CurrencyRef": {
              "ListID": "80000093-1656494081",
              "FullName": "Ugandan Shilling"
            },
            "ExchangeRate": 1,
            "ItemSalesTaxRef": {
              "ListID": "80000002-1656507015",
              "FullName": "sales_tax"
            },
            "InvoiceLineRet": {
              "Desc": "Consultancy Services to companies",
              "SalesTaxCodeRef": {
                "ListID": "80000001-1656494070",
                "FullName": "Tax"
              },
              "TxnLineID": "56-1657117401",
              "UnitOfMeasure": 118,
              "OverrideUOMSetRef": {
                "ListID": "80000001-1656494629",
                "FullName": "By the 118"
              },
              "Rate": 20000,
              "Amount": 20000,
              "Quantity": 1,
              "ItemRef": {
                "ListID": "80000001-1656494683",
                "FullName": "Consultancy Services"
              }
            },
            "IsFinanceCharge": false,
            "IsToBeEmailed": false,
            "BillAddress": {
              "State": "CO",
              "City": "Crested Developers Tech"
            },
            "TimeCreated": "2022-07-06T17:23:21+03:00",
            "TimeModified": "2022-07-06T17:23:21+03:00",
            "SalesTaxTotal": 2400,
            "CustomerSalesTaxCodeRef": {
              "ListID": "80000001-1656494070",
              "FullName": "Tax"
            },
            "IsToBePrinted": true,
            "DueDate": "2022-06-29",
            "IsPending": false,
            "TxnNumber": 22,
            "SalesTaxPercentage": 12,
            "BillAddressBlock": {
              "Addr1": "Crested Developers Tech Co Ltd"
            },
            "BalanceRemaining": 22400,
            "TxnDate": "2022-06-29",
            "RefNumber": 22,
            "EditSequence": 1657121352,
            "Subtotal": 20000,
            "AppliedAmount": 0,
            "ShipDate": "2022-06-29",
            "BalanceRemainingInHomeCurrency": 22400,
            "TxnID": "54-1657117401",
            "IsPaid": false,
            "ARAccountRef": {
              "ListID": "80000024-1656494700",
              "FullName": "Accounts Receivable"
            },
            "CustomerRef": {
              "ListID": "80000003-1656575917",
              "FullName": "Crested Developers Tech Co Ltd"
            },
            "TemplateRef": {
              "ListID": "8000000B-1656495225",
              "FullName": "Copy 2 : Intuit Service Invoice"
            }
          },
          {
            "CurrencyRef": {
              "ListID": "80000093-1656494081",
              "FullName": "Ugandan Shilling"
            },
            "ExchangeRate": 1,
            "ItemSalesTaxRef": {
              "ListID": "80000002-1656507015",
              "FullName": "sales_tax"
            },
            "InvoiceLineRet": {
              "Desc": "Consultancy Services to companies",
              "SalesTaxCodeRef": {
                "ListID": "80000001-1656494070",
                "FullName": "Tax"
              },
              "TxnLineID": "5A-1657130846",
              "UnitOfMeasure": 118,
              "OverrideUOMSetRef": {
                "ListID": "80000001-1656494629",
                "FullName": "By the 118"
              },
              "Rate": 1000,
              "Amount": 1000,
              "Quantity": 1,
              "ItemRef": {
                "ListID": "80000001-1656494683",
                "FullName": "Consultancy Services"
              }
            },
            "IsFinanceCharge": false,
            "IsToBeEmailed": true,
            "BillAddress": {
              "Addr1": "Ogmous E and S Limited"
            },
            "TimeCreated": "2022-07-06T21:07:26+03:00",
            "TimeModified": "2022-07-06T21:07:27+03:00",
            "SalesTaxTotal": 120,
            "CustomerSalesTaxCodeRef": {
              "ListID": "80000001-1656494070",
              "FullName": "Tax"
            },
            "IsToBePrinted": true,
            "DueDate": "2022-06-29",
            "IsPending": false,
            "TxnNumber": 23,
            "SalesTaxPercentage": 12,
            "BillAddressBlock": {
              "Addr1": "Ogmous E and S Limited"
            },
            "BalanceRemaining": 1120,
            "TxnDate": "2022-06-29",
            "RefNumber": 23,
            "EditSequence": 1657130848,
            "Subtotal": 1000,
            "AppliedAmount": 0,
            "ShipDate": "2022-06-29",
            "BalanceRemainingInHomeCurrency": 1120,
            "TxnID": "58-1657130846",
            "IsPaid": false,
            "ARAccountRef": {
              "ListID": "80000024-1656494700",
              "FullName": "Accounts Receivable"
            },
            "CustomerRef": {
              "ListID": "80000001-1656494511",
              "FullName": "Ogmous E and S Limited"
            },
            "TemplateRef": {
              "ListID": "8000000B-1656495225",
              "FullName": "Copy 2 : Intuit Service Invoice"
            }
          }
        ],
        "requestID": "4cc9b3bc-148e-4231-b30a-05818434bf00",
        "statusSeverity": "Info",
        "statusMessage": "Status OK",
        "statusCode": 0
      }
    }
  }
}