[
  {
    "CurrencyRef": {
      "ListID": "80000093-1656494081",
      "FullName": "Ugandan Shilling"
    },
    "ExchangeRate": 1,
    "ItemSalesTaxRef": {
      "ListID": "80000002-1656507015",
      "FullName": "sales_tax"
    },
    "InvoiceLineRet": {
      "Other2": "EGERGEGERGEG",
      "Desc": "Consultancy Services to companies",
      "SalesTaxCodeRef": {
        "ListID": "80000001-1656494070",
        "FullName": "Tax"
      },
      "TxnLineID": "10-1656507467",
      "Other1": 2345,
      "UnitOfMeasure": 118,
      "OverrideUOMSetRef": {
        "ListID": "80000001-1656494629",
        "FullName": "By the 118"
      },
      "Rate": 100000,
      "Amount": 100000,
      "Quantity": 1,
      "ItemRef": {
        "ListID": "80000001-1656494683",
        "FullName": "Consultancy Services"
      }
    },
    "IsFinanceCharge": false,
    "IsToBeEmailed": true,
    "BillAddress": {
      "Addr1": "TEST CUSTOMER COMPANY",
      "Addr2": "TEST CUSTOMER"
    },
    "TimeCreated": "2022-06-29T15:57:47+03:00",
    "TimeModified": "2022-06-29T15:57:47+03:00",
    "SalesTaxTotal": 12000,
    "CustomerSalesTaxCodeRef": {
      "ListID": "80000001-1656494070",
      "FullName": "Tax"
    },
    "IsToBePrinted": true,
    "DueDate": "2022-06-29",
    "IsPending": false,
    "TxnNumber": 5,
    "SalesTaxPercentage": 12,
    "BillAddressBlock": {
      "Addr1": "TEST CUSTOMER COMPANY",
      "Addr2": "TEST CUSTOMER"
    },
    "BalanceRemaining": 112000,
    "TxnDate": "2022-06-29",
    "RefNumber": 5,
    "EditSequence": 1656507467,
    "Subtotal": 100000,
    "AppliedAmount": 0,
    "ShipDate": "2022-06-29",
    "BalanceRemainingInHomeCurrency": 112000,
    "TxnID": "E-1656507467",
    "IsPaid": false,
    "ARAccountRef": {
      "ListID": "80000024-1656494700",
      "FullName": "Accounts Receivable"
    },
    "CustomerRef": {
      "ListID": "80000001-1656494511",
      "FullName": "TEST CUSTOMER"
    },
    "TemplateRef": {
      "ListID": "8000000B-1656495225",
      "FullName": "Copy 2 : Intuit Service Invoice"
    },
    "Other": "DGERGERER"
  },
  {
    "CurrencyRef": {
      "ListID": "80000093-1656494081",
      "FullName": "Ugandan Shilling"
    },
    "ExchangeRate": 1,
    "ItemSalesTaxRef": {
      "ListID": "80000002-1656507015",
      "FullName": "sales_tax"
    },
    "InvoiceLineRet": {
      "Other2": "WEFWEGERGERGER4",
      "Desc": "Consultancy Services to companies",
      "SalesTaxCodeRef": {
        "ListID": "80000001-1656494070",
        "FullName": "Tax"
      },
      "TxnLineID": "14-1656507542",
      "Other1": 12355,
      "UnitOfMeasure": 118,
      "OverrideUOMSetRef": {
        "ListID": "80000001-1656494629",
        "FullName": "By the 118"
      },
      "Rate": 50000,
      "Amount": 50000,
      "Quantity": 1,
      "ItemRef": {
        "ListID": "80000001-1656494683",
        "FullName": "Consultancy Services"
      }
    },
    "IsFinanceCharge": false,
    "IsToBeEmailed": true,
    "BillAddress": {
      "Addr1": "TEST CUSTOMER COMPANY",
      "Addr2": "TEST CUSTOMER"
    },
    "TimeCreated": "2022-06-29T15:59:02+03:00",
    "TimeModified": "2022-06-29T15:59:02+03:00",
    "SalesTaxTotal": 6000,
    "CustomerSalesTaxCodeRef": {
      "ListID": "80000001-1656494070",
      "FullName": "Tax"
    },
    "IsToBePrinted": true,
    "DueDate": "2022-06-29",
    "IsPending": false,
    "TxnNumber": 6,
    "SalesTaxPercentage": 12,
    "BillAddressBlock": {
      "Addr1": "TEST CUSTOMER COMPANY",
      "Addr2": "TEST CUSTOMER"
    },
    "BalanceRemaining": 56000,
    "TxnDate": "2022-06-29",
    "RefNumber": 6,
    "EditSequence": 1656507542,
    "Subtotal": 50000,
    "AppliedAmount": 0,
    "ShipDate": "2022-06-29",
    "BalanceRemainingInHomeCurrency": 56000,
    "TxnID": "12-1656507542",
    "IsPaid": false,
    "ARAccountRef": {
      "ListID": "80000024-1656494700",
      "FullName": "Accounts Receivable"
    },
    "CustomerRef": {
      "ListID": "80000001-1656494511",
      "FullName": "TEST CUSTOMER"
    },
    "TemplateRef": {
      "ListID": "8000000B-1656495225",
      "FullName": "Copy 2 : Intuit Service Invoice"
    },
    "Other": "SDFWFWEFW"
  }
]