<?xml version="1.0" ?>
<QBXML>
    <QBXMLMsgsRs>
        <InvoiceQueryRs requestID="b04feaa2-4741-4589-95f8-17cd80b68494" statusCode="0" statusSeverity="Info" statusMessage="Status OK">
            <InvoiceRet>
                <TxnID>2E-1657087103</TxnID>
                <TimeCreated>2022-07-06T08:58:23+03:00</TimeCreated>
                <TimeModified>2022-07-06T08:58:23+03:00</TimeModified>
                <EditSequence>1657087103</EditSequence>
                <TxnNumber>13</TxnNumber>
                <CustomerRef>
                    <ListID>80000003-1656575917</ListID>
                    <FullName>Crested Developers Tech Co Ltd</FullName>
                </CustomerRef>
                <ARAccountRef>
                    <ListID>80000024-1656494700</ListID>
                    <FullName>Accounts Receivable</FullName>
                </ARAccountRef>
                <TemplateRef>
                    <ListID>8000000B-1656495225</ListID>
                    <FullName>Copy 2 : Intuit Service Invoice</FullName>
                </TemplateRef>
                <TxnDate>2022-06-29</TxnDate>
                <RefNumber>13</RefNumber>
                <BillAddress>
                    <City>Crested Developers Tech</City>
                    <State>CO</State>
                </BillAddress>
                <BillAddressBlock>
                    <Addr1>Crested Developers Tech Co Ltd</Addr1>
                </BillAddressBlock>
                <IsPending>false</IsPending>
                <IsFinanceCharge>false</IsFinanceCharge>
                <DueDate>2022-06-29</DueDate>
                <ShipDate>2022-06-29</ShipDate>
                <Subtotal>25.00</Subtotal>
                <ItemSalesTaxRef>
                    <ListID>80000002-1656507015</ListID>
                    <FullName>sales_tax</FullName>
                </ItemSalesTaxRef>
                <SalesTaxPercentage>12.00</SalesTaxPercentage>
                <SalesTaxTotal>3.00</SalesTaxTotal>
                <AppliedAmount>0.00</AppliedAmount>
                <BalanceRemaining>28.00</BalanceRemaining>
                <CurrencyRef>
                    <ListID>80000093-1656494081</ListID>
                    <FullName>Ugandan Shilling</FullName>
                </CurrencyRef>
                <ExchangeRate>1</ExchangeRate>
                <BalanceRemainingInHomeCurrency>28.00</BalanceRemainingInHomeCurrency>
                <IsPaid>false</IsPaid>
                <IsToBePrinted>true</IsToBePrinted>
                <IsToBeEmailed>false</IsToBeEmailed>
                <CustomerSalesTaxCodeRef>
                    <ListID>80000001-1656494070</ListID>
                    <FullName>Tax</FullName>
                </CustomerSalesTaxCodeRef>
                <InvoiceLineRet>
                    <TxnLineID>30-1657087103</TxnLineID>
                    <ItemRef>
                        <ListID>80000001-1656494683</ListID>
                        <FullName>Consultancy Services</FullName>
                    </ItemRef>
                    <Desc>Consultant Services to companies</Desc>
                    <Quantity>25</Quantity>
                    <UnitOfMeasure>118</UnitOfMeasure>
                    <OverrideUOMSetRef>
                        <ListID>80000001-1656494629</ListID>
                        <FullName>By the 118</FullName>
                    </OverrideUOMSetRef>
                    <Rate>1.00</Rate>
                    <Amount>25.00</Amount>
                    <SalesTaxCodeRef>
                        <ListID>80000001-1656494070</ListID>
                        <FullName>Tax</FullName>
                    </SalesTaxCodeRef>
                </InvoiceLineRet>
            </InvoiceRet>
        </InvoiceQueryRs>
    </QBXMLMsgsRs>
</QBXML>