{
  "project_info": {
    "project_number": "913396599177",
    "project_id": "ogmous-app",
    "storage_bucket": "ogmous-app.appspot.com"
  },
  "client": [
    {
      "client_info": {
        "mobilesdk_app_id": "1:913396599177:android:b32d3e88d3a09844f2b958",
        "android_client_info": {
          "package_name": "com.cdtcl.ogmous"
        }
      },
      "oauth_client": [
        {
          "client_id": "913396599177-b1fr44l4cgnpro6qqbckoucce0sdd90p.apps.googleusercontent.com",
          "client_type": 3
        }
      ],
      "api_key": [
        {
          "current_key": "AIzaSyD5zRygtPsK7rFicIUXIxEmLV15vaNeBnU"
        }
      ],
      "services": {
        "appinvite_service": {
          "other_platform_oauth_client": [
            {
              "client_id": "913396599177-b1fr44l4cgnpro6qqbckoucce0sdd90p.apps.googleusercontent.com",
              "client_type": 3
            }
          ]
        }
      }
    }
  ],
  "configuration_version": "1"
}